HyukjinKwon,1905
dongjoon-hyun,1862
mateiz,1588
rxin,1482
zhengruifeng,1428
cloud-fan,1253
LuciferYang,1042
MaxGekk,929
pwendell,857
panbingkun,719
yaooqinn,716
viirya,690
srowen,611
tdas,568
JoshRosen,566
gengliangwang,566
zsxwing,531
wangyum,519
itholic,510
beliefer,472
sarutak,445
ueshin,442
gatorsmile,442
liancheng,377
mengxr,351
HeartSaVioR,300
yanboliang,290
hvanhovell,286
marmbrus,281
huaxingao,280
xinrong-meng,275
ankurdave,274
AngersZhuuuu,274
maropu,273
yhuai,256
ulysses-you,227
Ngone51,210
shivaram,209
amaliujia,206
ScrapCodes,205
jegonzal,203
holdenk,201
WeichenXu123,200
jerryshao,196
allisonwang-db,183
pan3793,180
jkbradley,170
zero323,168
felixcheung,166
aarondav,164
mgaido91,161
imback82,150
Yikun,150
kiszk,140
dilipbiswal,139
andrewor14,136
brkyvz,134
nchammas,132
kayousterhout,124
BryanCutler,119
jiangxb1987,118
chenghao-intel,118
sunchao,117
dtenedor,111
xuanyuanking,110
anishshri-db,107
karenfeng,107
gaborgsomogyi,106
c21,96
adrian-wang,94
sryza,92
grundprinzip,89
tgravescs,88
WweiL,87
williamhyun,86
bersprockets,86
uros-db,86
dennybritz,85
scwf,83
ericl,83
peter-toth,82
wzhfy,81
techaddict,81
davies,80
mosharaf,78
vladimirg-db,75
markhamstra,75
juliuszsompolski,75
witgo,75
squito,75
dchvn,74
aokolnychyi,73
bjornjorgensen,70
wayneguow,70
CodingCat,69
hhbyyh,69
jey,68
mridulm,68
attilapiros,68
charlesreiss,66
rdblue,66
Hisoka-X,65
yinxusen,65
maryannxue,65
wangmiao1981,62
sameeragarwal,62
MechCoder,60
mihailom-db,60
yu-iskw,60
tedyu,59
cxzl25,59
rezazadeh,58
WangTaoTheTonic,54
asl3,53
shahidki31,53
ash211,52
dcrankshaw,51
falaki,50
ijuma,48
10110346,48
lw-lin,47
stefankandic,47
zjffdu,47
szehon-ho,45
sethah,45
chenhao-db,43
sadikovi,43
jaceklaskowski,43
jose-torres,42
colorant,42
tmyklebu,42
LucaCanali,41
EnricoMi,41
vicennial,40
uncleGen,40
MLnick,40
alig,39
linhongliu-db,38
koeninger,38
heyihong,38
mihailoale-db,38
dbtsai,37
xiajunluan,37
steveloughran,36
clockfly,36
tejasapatil,36
zhenlineo,36
mihailotim-db,35
actuaryzhang,35
yjshen,34
harshmotw-db,33
nongli,33
bozhang2820,32
dlyubimov,32
lianhuiwang,32
ericm-db,32
petermaxlee,32
bogao007,32
rednaxelafx,31
keypointt,31
heary-cao,31
Peng-Lei,31
vinodkc,31
LantaoJin,30
anchovYu,30
wbo4958,30
mccheah,29
srielau,29
xupefei,29
chaoqin-li1123,29
ajbozarth,29
iRakson,28
dcoliversun,27
windpiger,27
tanelk,27
JkSelf,27
Lewuathe,26
kazuyukitanimura,26
aray,26
carsonwang,25
harishreedharan,25
sandip-db,25
planga82,25
weiqingy,25
jdk8,25
kevinyu98,25
SaintBacchus,24
CrazyJvm,24
tnachen,23
cashmand,23
xkrogen,23
Kimahriman,23
tsudukim,22
jingz-db,22
liyezhang556520,22
tarekbecker,22
rekhajoshm,21
ivoson,21
ajithme,21
siying,21
wankunde,21
prabeesh,20
jodersky,20
khalidmammadov,20
sandeep-katta,20
ryanlecompte,20
wForget,20
cdkrot,20
davidm-db,20
kanzhang,20
icexelloss,20
miland-db,20
nikolamand-db,20
BenFradet,20
MrBago,19
hasnain-db,19
nija-at,19
ryan-williams,19
leanken-zz,19
weixiuli,19
seancxmao,19
liuzqt,19
warrenzhu25,19
venkata91,19
sigmod,18
ConeyLiu,18
harveyfeng,18
otterc,18
dbatomic,18
zhichao-li,18
YY-OnCall,18
advancedxy,17
dusantism-db,17
dragos,17
jchen5,17
haitaoyao,17
ravipesala,17
shaneknapp,17
Fokko,16
dorx,16
jzhuge,16
junyangq,16
markgrover,16
willb,16
pxinghao,16
dengziming,16
shivusondur,16
stevomitric,16
caneGuy,16
Yaohua628,16
shujingyang-db,16
tomvanbussel,15
jongyoul,15
ala,15
turboFei,15
ilicmarkodb,15
yucai,15
vectorijk,15
yoda-mon,14
watermen,14
sujith71955,14
dhruve,14
dominikgehl,14
neilramaswamy,14
vitaliili-db,14
shane-huang,14
mbautin,13
PavithraRamachandran,13
skonto,13
lresende,13
nsyca,13
koertkuipers,13
jacek-lewandowski,13
zml1206,13
olaky,13
agubichev,13
fuwhu,13
yeshengm,13
thunterdb,13
rvesse,13
dbaliafroozeh,13
a-roberts,13
amanomer,12
sureshthalamati,12
liyinan926,12
vladanvasi-db,12
tomdz,12
dusenberrymw,12
mn-mikke,12
darabos,12
hsaputra,12
Sephiroth-Lin,11
avulanov,11
navis,11
manuzhang,11
xi-db,11
gvramana,11
etcondie,11
lins05,11
rithwik-db,11
richardc-db,11
prakharjain09,11
lu-wang-dl,11
kelvinjian-db,11
jovanpavl-db,11
johanl-db,11
jerrypeng,11
imatiach-msft,11
ifilonenko,11
andygrove,11
andylam-db,11
bogdanrdc,11
skambha,10
urosstan-db,10
concretevitamin,10
milastdbx,10
eatoncys,10
OopsOutOfMemory,10
mathewjacob1002,10
wengh,10
lyogavin,10
cnauroth,10
sahnib,10
ahirreddy,10
yongtang,9
SongYadong,9
shardulm94,9
revans2,9
rnowling,9
robbinspg,9
nishkamravi2,9
NarineK,9
erikerlandson,9
DylanGuedes,9
